,precision,recall,f1-score,support
0,0.24378109452736318,0.6447368421052632,0.35379061371841153,76.0
1,0.6271186440677966,0.4868421052631579,0.5481481481481482,76.0
2,0.5465116279069767,0.618421052631579,0.5802469135802469,76.0
3,0.6615384615384615,0.5657894736842105,0.6099290780141844,76.0
4,0.6557377049180327,0.5263157894736842,0.583941605839416,76.0
5,0.9024390243902439,0.4868421052631579,0.6324786324786325,76.0
6,0.6190476190476191,0.5131578947368421,0.5611510791366906,76.0
7,0.7361111111111112,0.6973684210526315,0.7162162162162162,76.0
8,0.6666666666666666,0.7894736842105263,0.7228915662650602,76.0
9,0.5535714285714286,0.40789473684210525,0.4696969696969697,76.0
10,0.42857142857142855,0.7105263157894737,0.5346534653465347,76.0
11,0.6904761904761905,0.7631578947368421,0.725,76.0
12,0.31901840490797545,0.6842105263157895,0.4351464435146444,76.0
13,0.28368794326241137,0.5263157894736842,0.3686635944700461,76.0
14,0.6666666666666666,0.02631578947368421,0.05063291139240506,76.0
15,0.21428571428571427,0.039473684210526314,0.06666666666666667,76.0
16,0.4266666666666667,0.42105263157894735,0.423841059602649,76.0
17,1.0,0.6842105263157895,0.8125,76.0
18,1.0,0.9342105263157895,0.9659863945578231,76.0
19,0.75,0.868421052631579,0.8048780487804879,76.0
20,0.9393939393939394,0.8157894736842105,0.8732394366197183,76.0
21,0.8428571428571429,0.7763157894736842,0.8082191780821918,76.0
22,0.55,0.4342105263157895,0.4852941176470588,76.0
23,0.32558139534883723,0.9090909090909091,0.4794520547945205,77.0
24,1.0,0.8289473684210527,0.9064748201438849,76.0
25,0.49523809523809526,0.6842105263157895,0.574585635359116,76.0
26,0.45,0.11842105263157894,0.1875,76.0
27,0.6578947368421053,0.6578947368421053,0.6578947368421053,76.0
28,0.5679012345679012,0.6052631578947368,0.5859872611464968,76.0
29,0.23404255319148937,0.2894736842105263,0.25882352941176473,76.0
30,0.4,0.13157894736842105,0.19801980198019803,76.0
31,0.15789473684210525,0.11842105263157894,0.13533834586466165,76.0
32,0.45588235294117646,0.40789473684210525,0.4305555555555556,76.0
33,0.32947976878612717,0.75,0.4578313253012048,76.0
34,0.6808510638297872,0.42105263157894735,0.5203252032520326,76.0
35,0.14285714285714285,0.013157894736842105,0.024096385542168676,76.0
36,0.3333333333333333,0.6447368421052632,0.43946188340807174,76.0
37,0.2032967032967033,0.4868421052631579,0.2868217054263566,76.0
38,0.23076923076923078,0.039473684210526314,0.06741573033707865,76.0
39,0.1935483870967742,0.07894736842105263,0.11214953271028037,76.0
40,0.6,0.5131578947368421,0.5531914893617021,76.0
41,0.9066666666666666,0.8947368421052632,0.9006622516556292,76.0
42,0.8666666666666667,0.8552631578947368,0.8609271523178808,76.0
43,0.8095238095238095,0.6710526315789473,0.7338129496402878,76.0
44,0.7962962962962963,0.5657894736842105,0.6615384615384615,76.0
45,0.75,0.3157894736842105,0.4444444444444444,76.0
46,0.35384615384615387,0.6052631578947368,0.44660194174757284,76.0
47,0.08333333333333333,0.013157894736842105,0.022727272727272728,76.0
48,0.5777777777777777,0.6842105263157895,0.6265060240963856,76.0
49,0.4473684210526316,0.4473684210526316,0.4473684210526316,76.0
50,0.22772277227722773,0.3026315789473684,0.2598870056497175,76.0
51,0.08695652173913043,0.025974025974025976,0.04,77.0
52,0.3333333333333333,0.618421052631579,0.43317972350230416,76.0
53,0.8356164383561644,0.8026315789473685,0.8187919463087249,76.0
54,0.6428571428571429,0.23684210526315788,0.34615384615384615,76.0
55,0.7974683544303798,0.8289473684210527,0.8129032258064516,76.0
56,0.7464788732394366,0.6973684210526315,0.7210884353741497,76.0
57,0.8311688311688312,0.8421052631578947,0.8366013071895425,76.0
58,0.7380952380952381,0.8157894736842105,0.775,76.0
59,0.0,0.0,0.0,76.0
60,0.5267175572519084,0.8961038961038961,0.6634615384615384,77.0
61,0.7083333333333334,0.6710526315789473,0.6891891891891891,76.0
62,0.5185185185185185,0.5526315789473685,0.535031847133758,76.0
63,0.7368421052631579,0.18421052631578946,0.29473684210526313,76.0
64,0.4806201550387597,0.8157894736842105,0.6048780487804878,76.0
65,0.46715328467153283,0.8421052631578947,0.6009389671361502,76.0
66,0.8695652173913043,0.5263157894736842,0.6557377049180327,76.0
67,0.7123287671232876,0.6842105263157895,0.697986577181208,76.0
68,0.30434782608695654,0.4605263157894737,0.36649214659685864,76.0
69,0.18333333333333332,0.14473684210526316,0.16176470588235295,76.0
70,0.6835443037974683,0.7105263157894737,0.6967741935483871,76.0
71,0.0,0.0,0.0,76.0
72,0.2457627118644068,0.3815789473684211,0.29896907216494845,76.0
73,0.36893203883495146,0.5,0.4245810055865922,76.0
74,0.8028169014084507,0.7402597402597403,0.7702702702702703,77.0
75,0.8392857142857143,0.618421052631579,0.7121212121212122,76.0
76,0.7195121951219512,0.7763157894736842,0.7468354430379747,76.0
77,0.7857142857142857,0.7236842105263158,0.7534246575342466,76.0
78,0.28,0.18421052631578946,0.2222222222222222,76.0
79,0.5,0.6842105263157895,0.5777777777777777,76.0
80,0.7435897435897436,0.3815789473684211,0.5043478260869565,76.0
81,0.6631578947368421,0.8289473684210527,0.7368421052631579,76.0
82,0.6404494382022472,0.75,0.6909090909090909,76.0
83,0.3614457831325301,0.39473684210526316,0.37735849056603776,76.0
84,0.5135135135135135,0.75,0.6096256684491979,76.0
85,0.5333333333333333,0.5263157894736842,0.5298013245033113,76.0
86,0.041666666666666664,0.013157894736842105,0.02,76.0
87,0.49056603773584906,0.6842105263157895,0.5714285714285714,76.0
88,0.6712328767123288,0.6447368421052632,0.6577181208053692,76.0
89,0.375,0.23684210526315788,0.2903225806451613,76.0
90,0.1111111111111111,0.013157894736842105,0.023529411764705882,76.0
91,0.30701754385964913,0.4605263157894737,0.3684210526315789,76.0
92,0.0,0.0,0.0,26.0
accuracy,0.5212190259185417,0.5212190259185417,0.5212190259185417,0.5212190259185417
macro avg,0.5247237315813764,0.5174630123696337,0.495170206560412,7022.0
weighted avg,0.5284092006825571,0.5212190259185417,0.4986921395375275,7022.0
